First Name,Sex,Email,Phone,Job Title
Phillip,Female,bethany14@example.com,214.112.6044x4913,Phytotherapist
Kristine,Male,bthompson@example.com,277.609.7938,Homeopath
Yesenia,Male,kaitlinkaiser@example.com,584.094.6111,Market researcher
Erin,Male,tconner@example.org,001-171-649-9856x5553,Waste management officer
Katherine,Female,conniecowan@example.com,+1-773-151-6685x49162,Intelligence analyst
Ricardo,Male,wyattbishop@example.com,001-447-699-7998x88612,Hydrogeologist
Dave,Male,nmccann@example.net,603-428-2429x27392,Lawyer
Isaiah,Male,virginiaterrell@example.org,+1-511-372-1544x8206,"Engineer, site"
Sheila,Female,huangcathy@example.com,895.881.4746,Advertising account executive
Stacy,Male,rayleroy@example.org,710.673.3213x80335,Warden/ranger
Mandy,Male,jefferynoble@example.org,(992)466-1305x4947,"Scientist, clinical (histocompatibility and immunogenetics)"
Bridget,Female,mercedes44@example.com,(216)627-8359,Social worker
Crystal,Male,pmiranda@example.org,+1-024-377-5391,Agricultural consultant
Thomas,Female,braunpriscilla@example.net,+1-360-880-0766,Sport and exercise psychologist
Maurice,Male,sheenabanks@example.com,(246)187-4969,Secretary/administrator
Frank,Male,gbrewer@example.org,429.965.3902x4447,Audiological scientist
Alvin,Male,gilbertdonaldson@example.com,219.436.0887x07551,"Teacher, adult education"
Jared,Female,jcortez@example.com,+1-958-849-6781,Paediatric nurse
Jacqueline,Female,carias@example.net,819.309.7679x59173,"Scientist, marine"
Colleen,Female,fknox@example.org,638.584.1090,Commercial horticulturist
Randy,Male,huangbill@example.org,001-960-629-7164x67214,Outdoor activities/education manager
Janice,Female,juarezdominique@example.net,001-249-314-9742x6996,Drilling engineer
Alfred,Female,cassandramorris@example.com,(468)276-9509x53058,Systems analyst
Sean,Male,sallymiller@example.net,4915828504,"Conservation officer, nature"
Louis,Male,bsullivan@example.net,6232695307,Counsellor
Brittney,Female,ayalajose@example.net,945-739-8686,Recycling officer
Judy,Male,irosales@example.net,001-654-208-1241x52830,Art gallery manager
Norman,Male,mconrad@example.com,223.002.0429,Gaffer
Isaiah,Female,jimblake@example.org,001-536-544-3367,Food technologist
Jacqueline,Male,nsampson@example.net,(247)762-8934,Building services engineer
Bonnie,Female,caitlin24@example.net,+1-253-987-2776x9161,Seismic interpreter
Brandon,Female,mconley@example.net,+1-386-673-1465x006,"Engineer, biomedical"
Jackson,Female,reynoldsdarryl@example.net,(137)908-3129x65035,Set designer
Melody,Male,jeannovak@example.org,(826)792-7381,Research scientist (life sciences)
Leonard,Male,clinton78@example.org,941-038-0427x38800,"Accountant, chartered management"
Gene,Female,luisdeleon@example.org,+1-356-818-6604x89537,"Surveyor, quantity"
Cynthia,Female,rosariodave@example.org,(110)858-2437x70190,Outdoor activities/education manager
Tanya,Female,vickihouston@example.com,(830)774-9002x086,Information systems manager
Matthew,Female,evelyn31@example.org,952-381-6360,"Scientist, clinical (histocompatibility and immunogenetics)"
Kirk,Female,stephenfuller@example.org,001-826-496-5529x8661,Accounting technician
Willie,Female,haleymathews@example.net,741.168.6854x067,Management consultant
Miguel,Female,tyrone56@example.org,5247842945,Make
Darren,Male,lhernandez@example.com,(975)799-4261,Retail banker
Haley,Female,molly03@example.org,(746)182-6137x2453,Commissioning editor
Danielle,Female,jvang@example.org,(890)374-9518x772,"Accountant, chartered management"
Becky,Male,erikmueller@example.org,(390)002-0863,Seismic interpreter
Caitlyn,Male,rivasdominique@example.org,805-021-3965x46344,Jewellery designer
Joshua,Male,daisymcgee@example.net,875.994.2100x535,"Education officer, museum"
Heidi,Female,staffordtravis@example.net,601-155-3065x1131,Estate manager/land agent
Brian,Female,saralong@example.net,952-283-1423x733,Physiotherapist
Beverly,Female,iphelps@example.net,+1-327-578-8754x6771,Passenger transport manager
Nathaniel,Female,roberto29@example.com,(655)887-2040x37888,Call centre manager
Debra,Female,yolanda07@example.org,001-731-525-8400x52593,Special educational needs teacher
Mackenzie,Female,abbottyvette@example.net,4225525458,Museum/gallery exhibitions officer
Courtney,Female,ochang@example.org,210.683.2761x5883,Pension scheme manager
Fred,Female,amyanderson@example.com,497-774-3053,Archaeologist
Ryan,Female,qnorman@example.org,956.330.2951,Historic buildings inspector/conservation officer
Grace,Male,clarkeangela@example.net,(034)867-8827x6777,Petroleum engineer
Shari,Male,kalvarado@example.org,001-951-655-4798x6124,Curator
Kelli,Male,jodyvincent@example.org,995.000.4213x0982,Retail banker
Jackie,Male,hutchinsonkirk@example.com,001-740-937-0846x0087,Neurosurgeon
Leslie,Female,floreschristina@example.org,795.782.4384x555,Chiropractor
Harold,Female,nathan65@example.org,+1-026-265-6392,"Biochemist, clinical"
Larry,Male,maria32@example.org,+1-244-630-3792x4121,"Scientist, water quality"
Mike,Female,imccullough@example.com,116-729-5046,Hydrologist
Brittney,Female,corey92@example.com,593.976.2528,"Biochemist, clinical"
Frank,Male,daltoncalvin@example.net,(035)961-5060x9182,Hospital pharmacist
Sandra,Male,ubanks@example.com,+1-096-606-6454x067,Warehouse manager
Ryan,Male,lopezdebbie@example.org,+1-695-557-9948x485,Physiological scientist
Tamara,Male,meagan39@example.net,017.665.3744x7944,English as a second language teacher
Jean,Female,kristina76@example.com,(954)060-1066,Financial trader
Veronica,Female,weissbridget@example.com,+1-521-589-2387x48490,Structural engineer
Kim,Female,wpetersen@example.org,7677125383,"Biochemist, clinical"
Tina,Male,wongmary@example.org,079-907-5051,Race relations officer
Jonathon,Male,gailfrench@example.net,874-037-2032x932,"Psychologist, forensic"
Jermaine,Female,vpaul@example.com,(742)214-8691,Newspaper journalist
Regina,Male,xpoole@example.net,891-359-2684,Public house manager
Terrence,Male,cassandra80@example.org,221.800.6408x5416,Careers information officer
Tyler,Female,johnathan72@example.org,001-386-469-3075x8030,Economist
Andrew,Male,nhall@example.net,+1-376-865-2765x3351,Jewellery designer
Reginald,Male,erikaball@example.net,+1-832-500-6044x475,Contracting civil engineer
Douglas,Female,nixonvanessa@example.net,001-834-660-8312x9864,Higher education lecturer
Helen,Female,melvin08@example.net,001-377-726-4229,"Lecturer, further education"
Mario,Male,oblake@example.com,160-144-5039x12276,Research scientist (life sciences)
Chelsea,Male,johnnyhendricks@example.net,001-698-651-0138x18588,"Teacher, early years/pre"
Dustin,Male,pbarron@example.net,+1-965-621-1157x345,Travel agency manager
Harry,Female,olsenmalik@example.net,+1-451-099-5805,Technical sales engineer
Kathy,Female,teresa37@example.com,(164)105-8456,Charity fundraiser
Alison,Female,zmiles@example.net,3506680871,Patent attorney
Jamie,Female,sheenadouglas@example.com,(900)803-9295x11533,"Conservator, furniture"
Melody,Female,evan90@example.org,(626)520-5080x3511,Dance movement psychotherapist
Xavier,Male,nicolas90@example.org,8164259975,Financial planner
Dillon,Female,angelanavarro@example.net,971-992-4521,Air broker
Dennis,Female,bmartin@example.org,001-095-524-2112x257,Software engineer
Steve,Female,latasha46@example.net,001-865-478-5157,Barrister
Wesley,Male,regina11@example.org,995-542-3004x76800,Police officer
Summer,Female,alexiscantrell@example.org,001-273-685-6932x092,Broadcast journalist
Mariah,Male,pcopeland@example.org,(341)594-6554x44657,IT sales professional
